{
  "IcoMoonType": "selection",
  "icons": [
    {
      "icon": {
        "paths": [
          "M768 384c70 0 128 58 128 128v66c0 46-38 84-84 84-22 0-42-8-58-24l-92-92-92 92c-32 32-86 32-118 0l-90-92-92 92c-16 16-36 24-58 24-46 0-84-38-84-84v-66c0-70 58-128 128-128h214v-86h84v86h214zM708 682c28 28 64 44 104 44 32 0 60-10 84-26v196c0 24-18 42-42 42h-684c-24 0-42-18-42-42v-196c24 16 52 26 84 26 40 0 76-16 104-44l46-46 46 46c56 56 152 56 208 0l46-46zM512 256c-46 0-86-40-86-86 0-16 6-32 14-44l72-126 72 126c8 12 14 28 14 44 0 46-38 86-86 86z"
        ],
        "attrs": [],
        "isMulticolor": false,
        "isMulticolor2": false,
        "tags": [
          "cake"
        ],
        "defaultCode": 59369,
        "grid": 24
      },
      "attrs": [],
      "properties": {
        "order": 7,
        "ligatures": "cake",
        "id": 119,
        "prevSize": 24,
        "name": "cake",
        "code": 59369
      },
      "setIdx": 1,
      "setId": 3,
      "iconIdx": 119
    },
    {
      "icon": {
        "paths": [
          "M884 300l-78 78-160-160 78-78c16-16 44-16 60 0l100 100c16 16 16 44 0 60zM128 736l472-472 160 160-472 472h-160v-160z"
        ],
        "attrs": [],
        "isMulticolor": false,
        "isMulticolor2": false,
        "tags": [
          "mode_edit"
        ],
        "defaultCode": 57940,
        "grid": 24
      },
      "attrs": [],
      "properties": {
        "order": 8,
        "ligatures": "create, edit, mode_edit",
        "id": 184,
        "prevSize": 24,
        "name": "mode_edit",
        "code": 57940
      },
      "setIdx": 1,
      "setId": 3,
      "iconIdx": 184
    },
    {
      "icon": {
        "paths": [
          "M854 342v-86l-342 214-342-214v86l342 212zM854 170c46 0 84 40 84 86v512c0 46-38 86-84 86h-684c-46 0-84-40-84-86v-512c0-46 38-86 84-86h684z"
        ],
        "attrs": [],
        "isMulticolor": false,
        "isMulticolor2": false,
        "tags": [
          "markunread"
        ],
        "defaultCode": 57689,
        "grid": 24
      },
      "attrs": [],
      "properties": {
        "order": 6,
        "ligatures": "email, local_post_office, mail, markunread",
        "id": 242,
        "prevSize": 24,
        "name": "markunread",
        "code": 57689
      },
      "setIdx": 1,
      "setId": 3,
      "iconIdx": 242
    },
    {
      "icon": {
        "paths": [
          "M169.062 626.586c23.757 96.205 53.965 138.291 154.726 182.374 100.813 44.032 148.685 92.16 188.211 92.16 39.475 0 84.378-42.086 185.139-86.221 100.813-44.083 73.882-57.498 97.638-153.702l-282.778 137.523-342.938-172.134zM998.963 375.603l-426.24-238.694c-33.382-18.688-88.064-18.688-121.446 0l-426.291 238.694c-33.382 18.688-33.382 49.306 0 67.994l426.24 238.694c33.382 18.688 88.064 18.688 121.446 0l275.558-154.317-298.803-69.99c-11.52 2.816-24.166 4.403-37.427 4.403-53.862 0-97.485-25.907-97.485-57.907 0-32.102 43.674-58.010 97.485-58.010 41.779 0 77.312 15.718 91.136 37.581l316.518 103.885 79.309-44.39c33.331-18.637 33.331-49.254 0-67.942zM868.71 827.904c-3.328 19.712 65.69 52.122 72.243-5.478 29.645-259.686-21.299-334.387-21.299-334.387l-71.424 39.987c0-0.051 60.57 57.6 20.48 299.878z"
        ],
        "attrs": [],
        "isMulticolor": false,
        "isMulticolor2": false,
        "tags": [
          "graduation-cap"
        ],
        "grid": 20
      },
      "attrs": [],
      "properties": {
        "id": 177,
        "order": 9,
        "prevSize": 20,
        "name": "graduation-cap",
        "code": 59648
      },
      "setIdx": 2,
      "setId": 2,
      "iconIdx": 176
    },
    {
      "icon": {
        "paths": [
          "M704 640c-64 64-64 128-128 128s-128-64-192-128-128-128-128-192 64-64 128-128-128-256-192-256-192 192-192 192c0 128 131.5 387.5 256 512s384 256 512 256c0 0 192-128 192-192s-192-256-256-192z"
        ],
        "tags": [
          "phone",
          "telephone",
          "contact",
          "support",
          "call"
        ],
        "defaultCode": 59714,
        "grid": 16,
        "attrs": []
      },
      "attrs": [],
      "properties": {
        "ligatures": "phone, telephone",
        "name": "phone",
        "order": 2,
        "id": 67,
        "prevSize": 32,
        "code": 59714
      },
      "setIdx": 3,
      "setId": 1,
      "iconIdx": 66
    },
    {
      "icon": {
        "paths": [
          "M736 0h-448c-52.8 0-96 43.2-96 96v832c0 52.8 43.2 96 96 96h448c52.8 0 96-43.2 96-96v-832c0-52.8-43.2-96-96-96zM384 48h256v32h-256v-32zM512 960c-35.346 0-64-28.654-64-64s28.654-64 64-64 64 28.654 64 64-28.654 64-64 64zM768 768h-512v-640h512v640z"
        ],
        "tags": [
          "mobile",
          "cell-phone",
          "handheld"
        ],
        "defaultCode": 59736,
        "grid": 16,
        "attrs": []
      },
      "attrs": [],
      "properties": {
        "ligatures": "mobile, cell-phone",
        "name": "mobile",
        "order": 3,
        "id": 89,
        "prevSize": 32,
        "code": 59736
      },
      "setIdx": 3,
      "setId": 1,
      "iconIdx": 88
    }
  ],
  "height": 1024,
  "metadata": {
    "name": "icomoon"
  },
  "preferences": {
    "showGlyphs": true,
    "showQuickUse": true,
    "showQuickUse2": true,
    "showSVGs": true,
    "fontPref": {
      "prefix": "icon-",
      "metadata": {
        "fontFamily": "icomoon"
      },
      "metrics": {
        "emSize": 1024,
        "baseline": 6.25,
        "whitespace": 50
      },
      "embed": false
    },
    "imagePref": {
      "prefix": "icon-",
      "png": true,
      "useClassSelector": true,
      "color": 0,
      "bgColor": 16777215,
      "classSelector": ".icon"
    },
    "historySize": 100,
    "showCodes": true,
    "gridSize": 16
  }
}